Date,Close
0,6.424604893
1,6.435714722
2,6.333343983
3,6.321635246
4,6.363663673
5,6.307527065
6,6.235777855
7,6.323736668
8,6.287112713
9,6.182043076
10,6.455523968
11,6.356158733
12,6.246284485
13,5.936476231
14,6.096184731
15,6.182343006
16,6.240582943
17,5.982709408
18,5.765663624
19,5.845816612
20,5.879740238
21,5.980906487
22,5.765365601
23,5.867733002
24,5.827503204
25,5.889647007
26,5.857523918
27,5.9640975
28,6.015429497
29,6.106092453
30,6.080576897
31,6.091982365
32,6.05415535
33,6.016632557
34,5.915765285
35,6.023836613
36,6.064065456
37,6.142716408
38,6.273905754
39,6.269702435
40,6.284109116
41,6.325537682
42,6.572905064
43,6.576806545
44,6.695086956
45,6.749722004
46,6.769536018
47,6.802559376
48,6.719702244
49,6.738013268
50,6.728108406
51,6.744019985
52,6.671971321
53,6.747020245
54,6.855392456
55,6.885714531
56,6.804058552
57,6.931647301
58,6.97637558
59,7.080245495
60,7.054726124
61,7.083845615
62,7.159497738
63,7.191019535
64,7.222839355
65,7.203327656
66,7.258563042
67,7.273574829
68,7.277773857
69,7.375642776
70,7.472607613
71,7.426977158
72,7.417071819
73,7.342619419
74,7.781816959
75,7.999461651
76,8.130347252
77,8.090419769
78,7.866470814
79,7.853262901
80,8.064600945
81,7.837949753
82,7.995857716
83,7.765602589
84,7.684851646
85,7.392455101
86,7.080543041
87,7.624809265
88,7.700761795
89,7.867971897
90,7.756000996
91,7.619707584
92,7.63171339
93,7.575875759
94,7.455196381
95,7.137583733
96,7.274475574
97,7.407764912
98,7.361533165
99,7.328211784
100,7.605597496
101,7.711565018
102,7.830146313
103,7.923812866
104,7.898892403
105,7.683951378
106,7.533248425
107,7.484920025
108,7.300893307
109,7.520340443
110,7.610404015
111,7.633515358
112,7.795922279
113,8.022879601
114,8.161567688
115,8.227614403
116,8.110534668
117,8.22100544
118,8.134549141
119,8.07541275
120,8.006363869
121,8.054395676
122,7.690252781
123,7.550961494
124,7.459401131
125,7.413167477
126,7.46390152
127,7.765306473
128,7.747893333
129,7.79382515
130,7.723875999
131,7.559067249
132,7.586984634
133,7.548556805
134,7.502025604
135,7.372339249
136,7.561766148
137,7.632314682
138,7.775811195
139,7.80342865
140,7.783616066
141,7.927713871
142,7.834049702
143,7.748496532
144,7.722673416
145,7.860766411
146,7.863170147
147,7.894690037
148,7.856265545
149,7.807934284
150,7.857763767
151,7.787516117
152,7.510734081
153,7.558766365
154,7.478012085
155,7.434180737
156,7.564169407
157,7.59718895
158,7.501428127
159,7.49422121
160,7.378944397
161,7.202726841
162,7.291585445
163,7.213232517
164,7.253461361
165,7.27987957
166,7.297890663
167,7.514935017
168,7.57017231
169,7.768305779
170,7.739485264
171,7.892886639
172,7.897390366
173,7.907599449
174,8.016573906
175,8.047190666
176,8.112035751
177,8.302659035
178,8.266636848
179,8.502597809
180,8.518809319
181,8.638288498
182,8.673410416
183,8.77548027
184,8.740655899
185,8.611570358
186,8.626883507
187,8.518208504
188,8.481284142
189,8.364808083
190,8.674014091
191,8.681515694
192,8.682416916
193,8.828014374
194,8.86674118
195,8.962204933
196,9.01023674
197,9.075382233
198,9.448532104
199,9.546396255
200,9.290923119
201,9.322148323
202,9.291828156
203,9.230284691
204,9.271413803
205,9.247696877
206,9.241094589
207,9.163342476
208,9.035456657
209,9.131520271
210,9.287023544
211,9.390291214
212,9.55450058
213,9.520279884
214,9.56500721
215,9.488755226
216,9.547298431
217,9.505869865
218,9.247094154
219,9.217375755
220,9.053764343
221,9.021046638
222,9.259101868
223,9.208071709
224,9.407104492
225,9.268110275
226,9.450331688
227,9.456337929
228,9.512471199
229,9.340759277
230,9.49836731
231,9.550900459
232,9.529587746
233,9.610938072
234,9.552699089
235,9.636756897
236,9.599229813
237,9.623245239
238,9.656570435
239,9.615141869
240,9.617240906
241,9.643964767
242,9.624745369
243,9.672780037
244,9.732522011
245,9.761339188
246,9.714507103
247,9.746928215
248,9.770644188
249,9.765244484
250,9.716314316
251,9.683288574
252,9.893732071
253,9.945363998
254,10.02671719
255,10.01861191
256,10.09036255
257,10.28038979
258,10.25607395
259,10.33952904
260,10.37735081
261,10.46140957
262,10.22634888
263,10.17201233
264,9.987092018
265,9.808172226
266,10.13028812
267,10.24886513
268,10.32242012
269,10.30320644
270,10.08976269
271,10.18642902
272,10.35784054
273,10.33652592
274,10.31010818
275,10.40196991
276,10.56347942
277,10.66314411
278,10.75200462
279,10.64333153
280,10.71267796
281,10.78262806
282,10.80423832
283,10.90120697
284,10.75620651
285,10.52385044
286,10.16511059
287,10.28549004
288,10.29329777
289,10.45180702
290,10.60340786
291,10.48632813
292,10.57068253
293,10.79403019
294,10.80724049
295,10.66794682
296,10.67995644
297,10.58118916
298,10.40707493
299,10.56678295
300,10.61391449
301,10.36985111
302,9.906936646
303,10.04593754
304,9.926747322
305,10.18582439
306,10.24286556
307,10.18252468
308,10.35603714
309,10.55327034
310,10.52025127
311,10.5358572
312,10.46591091
313,10.46230793
314,10.34373283
315,10.24256229
316,10.17351723
317,10.14800072
318,10.14919853
319,10.05853748
320,9.930656433
321,9.97868824
322,10.09066105
323,9.979284286
324,9.830392838
325,9.962172508
326,10.14259624
327,10.27918911
328,10.52805424
329,10.59740067
330,10.51965046
331,10.51154613
332,10.40947342
333,10.51094532
334,10.39536762
335,10.45300198
336,10.49413204
337,10.40947342
338,10.40677643
339,10.43499184
340,10.49052811
341,10.42388248
342,10.40407276
343,10.22184849
344,10.00570202
345,10.0909586
346,10.20293522
347,10.22275162
348,10.06334019
349,10.03872681
350,9.972383499
351,10.11017323
352,10.05673599
353,10.12908649
354,10.44189453
355,10.37225246
356,10.38996315
357,10.31010818
358,10.14800072
359,9.967876434
360,9.973884583
361,9.951369286
362,9.783556938
363,9.804567337
364,9.979885101
365,9.809072495
366,9.761339188
367,9.614244461
368,9.465945244
369,9.765543938
370,9.684792519
371,9.943559647
372,9.797065735
373,9.967876434
374,10.06454182
375,10.02792263
376,10.0768528
377,10.30470467
378,10.4899292
379,10.55987453
380,10.72318649
381,10.79853344
382,10.62712288
383,10.61961651
384,10.74779987
385,10.74029827
386,10.9549427
387,11.22151756
388,11.31308365
389,11.61478424
390,11.62648964
391,11.80691338
392,11.9630146
393,12.11041546
394,11.78560066
395,11.76247787
396,11.72225571
397,11.91048241
398,11.67512417
399,11.78499699
400,11.32869053
401,11.21611691
402,10.60340786
403,11.22782612
404,10.91801739
405,11.21851635
406,11.31728363
407,11.51001167
408,11.42205143
409,11.42085457
410,10.98886204
411,10.68806362
412,10.70036983
413,11.21551418
414,11.29297256
415,11.21911812
416,11.5151186
417,11.70694447
418,11.70754337
419,11.55264091
420,11.43856335
421,11.22902489
422,11.39983845
423,11.52562332
424,11.53192902
425,11.33199787
426,11.40584469
427,11.54633617
428,11.68683338
429,11.79670238
430,12.02305984
431,12.35717869
432,12.41181374
433,12.37248993
434,12.06268215
435,12.13713264
436,12.10320759
437,11.98583221
438,11.91829014
439,11.72495937
440,11.44726849
441,11.24553299
442,11.18249512
443,11.35511017
444,11.32869053
445,11.10144043
446,11.672122
447,12.01675034
448,12.0737896
449,12.26111603
450,12.6684866
451,12.60814953
452,12.6756916
453,11.96662045
454,11.86725426
455,11.79399872
456,12.18126392
457,11.94110203
458,12.02605534
459,12.148839
460,12.15664482
461,12.15154171
462,11.90327454
463,11.93029594
464,12.10020542
465,12.01525116
466,11.99994183
467,12.19506836
468,11.86635303
469,11.56434917
470,11.54633617
471,11.38543129
472,11.67272377
473,11.55083942
474,11.32989597
475,11.25574112
476,11.07772541
477,11.30287361
478,11.01708126
479,10.91441154
480,11.29116344
481,11.20350838
482,11.47368622
483,11.64570332
484,11.69883919
485,11.79820728
486,11.73636246
487,11.68052769
488,11.72765636
489,11.81651497
490,11.76308155
491,11.672122
492,11.41334534
493,11.37582111
494,11.4382658
495,11.47399044
496,11.88646698
497,11.90147591
498,11.96452045
499,12.10801315
500,12.20407772
501,12.08730221
502,12.16174984
503,12.15814877
504,12.34517193
505,12.4115181
506,12.54930878
507,12.68049622
508,12.66038513
509,12.70571423
510,12.68500042
511,12.650177
512,12.60274792
513,12.7495451
514,12.88193321
515,12.84110641
516,12.61745453
517,12.83089924
518,12.6207571
519,13.40878487
520,13.34784412
521,13.42739773
522,13.59941673
523,13.70358276
524,13.69487476
525,13.66275406
526,13.79964733
527,13.92843151
528,14.07433224
529,14.30998898
530,14.80502129
531,14.81252098
532,15.08811092
533,15.29404545
534,14.94011021
535,15.07640839
536,15.07370663
537,15.45585918
538,15.40152168
539,15.50208569
540,15.68280792
541,15.78337574
542,16.07307434
543,16.28410339
544,16.34505272
545,16.36636925
546,16.00553131
547,15.91846752
548,15.93137169
549,16.27060127
550,16.36606407
551,16.57110596
552,17.05442429
553,17.69926643
554,17.57857704
555,17.5788784
556,18.04508591
557,18.19098473
558,18.08711624
559,17.99226189
560,17.89349174
561,18.22160912
562,18.44675636
563,18.54101944
564,18.30806351
565,17.99856377
566,18.5713501
567,18.89225769
568,18.74185562
569,19.02314568
570,19.09969711
571,18.86584473
572,18.79860115
573,18.69562721
574,18.16907501
575,17.41556931
576,18.30326462
577,18.26243591
578,17.63501549
579,17.20092964
580,17.16250038
581,16.81967163
582,18.3122673
583,18.24322128
584,18.10212898
585,17.5311451
586,17.47560692
587,17.59118843
588,17.46630478
589,16.96887207
590,17.09585953
591,17.05682564
592,17.08684158
593,17.12707329
594,17.01270294
595,16.75783157
596,16.60623169
597,16.39338684
598,15.91426182
599,15.9220705
600,16.84969521
601,16.72031212
602,17.12828064
603,16.97097206
604,16.88000488
605,17.1796093
606,17.38674736
607,17.34352112
608,16.84098816
609,16.94005203
610,16.89621735
611,17.15529633
612,17.16309929
613,17.42127228
614,17.146595
615,17.29639244
616,17.17631149
617,17.15739441
618,17.23544312
619,17.5851841
620,17.63411903
621,17.58398438
622,17.34172249
623,17.47471046
624,17.13457489
625,17.17241096
626,17.24655533
627,17.08295059
628,17.53175163
629,17.78751945
630,17.99435806
631,18.3104744
632,18.18858528
633,18.42904854
634,18.25853348
635,18.14505768
636,17.97904778
637,18.16126251
638,18.21950722
639,18.22041512
640,18.19999504
641,18.4419632
642,18.14115524
643,18.12703705
644,18.0396862
645,17.26066971
646,17.257967
647,17.56656647
648,17.86287308
649,18.33508682
650,18.21650124
651,18.2459259
652,18.48339272
653,18.68902588
654,18.63979721
655,18.60826683
656,18.71439362
657,18.74363899
658,18.99388123
659,19.04482651
660,19.01890373
661,19.18502235
662,19.53987122
663,20.05360603
664,19.77955437
665,20.16576958
666,19.97763062
667,19.99541855
668,20.37108612
669,20.34455681
670,20.30444908
671,20.01501846
672,20.05632019
673,20.34967041
674,20.20677376
675,20.38887405
676,20.51458931
677,19.98095322
678,19.91613579
679,20.19350243
680,20.59116745
681,20.84140778
682,21.09767532
683,21.16189575
684,21.16761398
685,21.06510925
686,21.10702133
687,20.82662773
688,20.30656433
689,20.05451775
690,20.54112625
691,20.11240387
692,19.87995911
693,19.93783951
694,20.24354744
695,20.1033535
696,19.67494202
697,19.24019432
698,19.17024994
699,19.32279587
700,18.93659592
701,18.98513222
702,19.13738823
703,19.59052277
704,19.43434906
705,19.07346916
706,18.38606644
707,19.1153698
708,18.49219704
709,18.59680939
710,18.37702179
711,18.21000481
712,17.94830704
713,17.98509598
714,17.38995934
715,17.62571716
716,17.57234764
717,16.89998245
718,16.2866745
719,16.56864357
720,16.44053268
721,16.44265556
722,16.26032829
723,15.91930103
724,15.98169422
725,17.13410187
726,16.98811722
727,17.01203728
728,17.30885124
729,17.85492706
730,17.7110672
731,17.65533447
732,17.84977531
733,17.72620773
734,17.75376511
735,17.44060707
736,16.31817818
737,16.57410049
738,16.15039063
739,16.04650307
740,16.39691925
741,16.32453537
742,16.04256821
743,15.43986225
744,15.71364784
745,16.17008018
746,15.94019985
747,15.80148506
748,15.72879887
749,15.75423717
750,15.53707981
751,15.59947586
752,15.43380642
753,16.11767769
754,16.62830925
755,16.41842651
756,15.96109295
757,15.86720943
758,15.90990639
759,15.66125774
760,15.85539722
761,15.75817394
762,15.19635773
763,14.71692276
764,15.32780361
765,15.22452164
766,15.14335537
767,15.28782368
768,15.56767368
769,13.64416409
770,13.32251644
771,13.6238718
772,13.87949085
773,13.83587837
774,13.79529381
775,13.73865604
776,13.39641762
777,13.86646748
778,13.8516283
779,14.26349258
780,14.46942139
781,14.62021446
782,14.25374222
783,14.22663212
784,14.21383762
785,14.01795864
786,14.01277828
787,13.67341709
788,13.58842373
789,13.7331295
790,13.48911858
791,13.67707348
792,13.54303646
793,13.44646835
794,13.11350346
795,12.79607868
796,13.13391399
797,12.96697903
798,13.11685658
799,13.15158558
800,13.33892918
801,13.05136013
802,13.04892063
803,13.17534351
804,13.51531315
805,13.88269901
806,13.8452282
807,13.77181149
808,13.79161263
809,14.07126713
810,14.12213993
811,14.04781151
812,13.77181149
813,13.48484993
814,13.06598091
815,13.0927887
816,13.15980721
817,13.0297308
818,12.8920393
819,12.98372746
820,13.00718594
821,13.27252197
822,13.23108959
823,13.09309196
824,12.7899828
825,12.98464203
826,12.27058411
827,11.94310665
828,11.8968029
829,12.14477539
830,12.37202835
831,12.35161877
832,12.44056892
833,12.70925426
834,13.10284233
835,13.48850536
836,13.38218784
837,13.57197571
838,13.70784473
839,14.03471279
840,13.97226334
841,14.13006115
842,14.0067873
843,13.89026546
844,13.94454002
845,13.61090374
846,13.15062428
847,13.32633781
848,13.2858572
849,13.58238792
850,13.48211479
851,13.53393745
852,13.55815887
853,13.65046215
854,13.5366993
855,13.64433289
856,13.84764099
857,13.79090691
858,13.82126904
859,13.77802753
860,13.64923573
861,13.44531727
862,13.54804039
863,13.45849991
864,13.41894245
865,13.25304699
866,13.36865234
867,13.18742657
868,13.24721909
869,13.24016476
870,12.97123718
871,12.782341
872,12.67991734
873,12.34383488
874,12.34659386
875,12.20676136
876,12.07520771
877,12.15954113
878,12.54867363
879,12.83294106
880,12.90377522
881,12.80012512
882,12.72744846
883,12.95130539
884,12.90162563
885,13.10278702
886,13.07887554
887,13.10738754
888,13.19202232
889,13.19539738
890,13.23986244
891,13.03103352
892,13.07273483
893,12.84827042
894,13.50818062
895,13.44654083
896,13.52289772
897,13.73141861
898,13.90099621
899,13.87677002
900,14.00403023
901,14.1837244
902,14.39561844
903,14.2668314
904,14.2585516
905,14.23015308
906,14.0276556
907,14.42615986
908,15.11172676
909,15.38736725
910,15.36915493
911,15.50558472
912,15.67258263
913,15.46669579
914,15.50651455
915,15.52503204
916,15.4651556
917,15.52534294
918,15.08146572
919,15.15277386
920,15.1774683
921,15.0391798
922,15.08115768
923,15.39322758
924,15.28766155
925,15.37872696
926,15.62411976
927,15.26822281
928,14.43696213
929,14.59067917
930,14.35022449
931,13.89400482
932,14.05451488
933,14.34343624
934,14.57864475
935,14.42770195
936,15.14474964
937,15.0972147
938,14.86354733
939,15.00831795
940,14.90120697
941,14.71600056
942,15.06202698
943,15.11141491
944,14.92157555
945,14.90984726
946,15.05554104
947,14.84533787
948,15.01973438
949,15.11388206
950,15.21173191
951,15.31143188
952,15.39292145
953,15.46793079
954,15.57257271
955,15.70807743
956,16.09299278
957,16.04700089
958,16.20411301
959,16.41864395
960,16.23498726
961,16.35598373
962,15.94853783
963,16.20227051
964,16.13435364
965,16.0519371
966,16.25936508
967,16.2192421
968,16.17329788
969,15.91156197
970,16.162117
971,16.11523628
972,16.14504242
973,16.16428947
974,16.3980751
975,16.29965401
976,16.10219193
977,16.13076019
978,15.98949146
979,16.18012047
980,16.13851738
981,16.26084518
982,16.5607605
983,16.95072365
984,17.2646122
985,17.11434555
986,17.58285141
987,17.5418644
988,17.63189888
989,17.38724518
990,17.58626556
991,17.55894279
992,17.42885208
993,17.40339661
994,17.21370316
995,17.30901146
996,17.23108673
997,17.10006332
998,16.90414619
999,17.04573059
1000,17.69989586
1001,17.62477493
1002,17.50771141
1003,17.38943291
1004,17.21648788
1005,17.41829872
1006,17.17333794
1007,16.79610443
1008,16.88769913
1009,16.76692581
1010,16.87310982
1011,16.65763664
1012,16.54648972
1013,16.63310814
1014,16.96406746
1015,17.30466652
1016,17.20811081
1017,16.78647804
1018,17.04727745
1019,17.12303734
1020,17.26803207
1021,16.9541378
1022,17.0916748
1023,15.72557926
1024,15.54706669
1025,15.51694679
1026,15.54241085
1027,15.5712738
1028,15.79668713
1029,15.91466522
1030,16.00742912
1031,16.23136711
1032,16.52215576
1033,16.73984909
1034,16.73860359
1035,17.00439835
1036,16.99065208
1037,17.05312538
1038,16.78389359
1039,16.58962059
1040,16.4053421
1041,16.47717857
1042,16.30571175
1043,16.15860367
1044,16.48093605
1045,16.43626404
1046,16.48373985
1047,16.59243011
1048,16.6274147
1049,16.57712936
1050,16.56744385
1051,16.58244133
1052,16.74391556
1053,16.76014709
1054,16.57400703
1055,16.38784981
1056,16.45187759
1057,16.59742546
1058,16.59305382
1059,16.51309967
1060,16.64333916
1061,16.8407402
1062,17.02189064
1063,16.85916519
1064,16.7867012
1065,16.76797295
1066,16.76421547
1067,16.91757011
1068,16.94568062
1069,16.82824516
1070,16.6105423
1071,16.34975052
1072,16.34881401
1073,16.56370163
1074,16.35005951
1075,16.2291851
1076,16.29384041
1077,16.17764664
1078,16.21044731
1079,16.39565659
1080,16.5902462
1081,16.60679817
1082,16.38972664
1083,17.7333889
1084,17.86363029
1085,18.55544472
1086,18.50048447
1087,18.43051529
1088,18.47393036
1089,18.50828743
1090,18.77001953
1091,18.56544685
1092,18.50048447
1093,18.46750259
1094,18.39055061
1095,18.61951637
1096,18.64871788
1097,18.65218353
1098,18.49357033
1099,18.76650429
1100,18.98886299
1101,18.99264336
1102,19.04289818
1103,19.07305145
1104,19.28850174
1105,19.64969444
1106,19.59881401
1107,19.95592117
1108,19.88117027
1109,19.74454308
1110,20.02375793
1111,20.25240707
1112,20.33187485
1113,20.27596092
1114,20.60040474
1115,20.72132683
1116,20.63558006
1117,20.29040909
1118,20.06835747
1119,20.27062225
1120,20.24424553
1121,20.26622581
1122,20.19587517
1123,19.98701668
1124,19.96942329
1125,19.8484993
1126,19.86609459
1127,19.98481369
1128,20.22225761
1129,20.43112183
1130,20.56084061
1131,20.55204201
1132,20.67295647
1133,21.09947586
1134,20.96316338
1135,20.97196579
1136,20.89501381
1137,20.9345932
1138,21.20501137
1139,20.95657349
1140,20.83784866
1141,20.46630096
1142,20.76089859
1143,20.65317154
1144,20.82466316
1145,21.36770439
1146,21.33252525
1147,21.47322845
1148,21.77002907
1149,21.62932968
1150,21.57876015
1151,21.01813316
1152,21.13464928
1153,21.01593781
1154,20.91260529
1155,20.87742615
1156,20.87521553
1157,20.93266296
1158,21.20885086
1159,21.20442581
1160,21.48503685
1161,21.54248238
1162,21.6485405
1163,21.9092617
1164,22.21195793
1165,22.22079086
1166,22.22300148
1167,22.38650513
1168,22.435112
1169,22.29150009
1170,22.56547356
1171,22.59197807
1172,22.64721489
1173,22.82397842
1174,21.86064148
1175,21.67946434
1176,21.86728096
1177,21.73249626
1178,21.65074539
1179,22.31579781
1180,22.41081429
1181,22.46162033
1182,22.45499802
1183,22.28486443
1184,22.44395447
1185,22.49035072
1186,22.30696106
1187,22.32905769
1188,22.67815781
1189,22.48151207
1190,21.62423325
1191,22.26056671
1192,22.11915779
1193,22.26056671
1194,21.9136734
1195,22.07275772
1196,22.01089668
1197,22.01089668
1198,21.81866837
1199,22.27160835
1200,22.32021904
1201,22.25613976
1202,22.0528698
1203,21.81866837
1204,21.55132484
1205,21.26850319
1206,21.58004189
1207,22.04182625
1208,22.64059067
1209,22.75548935
1210,23.16203117
1211,23.24819946
1212,23.22390747
1213,23.5840435
1214,23.71660995
1215,23.63707733
1216,23.86244202
1217,24.17176437
1218,23.99500847
1219,24.05246162
1220,24.12124825
1221,24.19003677
1222,24.15009308
1223,24.34314919
1224,24.68710709
1225,25.03549767
1226,25.33730125
1227,25.29512978
1228,25.62355042
1229,25.44602585
1230,25.80994987
1231,25.84545708
1232,26.3247757
1233,26.09620857
1234,26.40687752
1235,26.39134979
1236,25.53478622
1237,25.43715477
1238,25.72562981
1239,25.62798309
1240,25.51925087
1241,24.9423008
1242,25.32397652
1243,24.84243965
1244,24.769207
1245,24.34980392
1246,24.01695061
1247,23.68852806
1248,24.27880287
1249,24.99777412
1250,24.80471992
1251,25.06212425
1252,24.97337151
1253,24.85575485
1254,25.29512978
1255,25.2773819
1256,24.96892548
1257,24.49405289
1258,24.26104355
1259,23.57757568
1260,23.57979012
1261,23.91043282
1262,24.82912445
1263,24.85575485
1264,24.24330139
1265,24.4585495
1266,24.36534309
1267,23.7040596
1268,23.5198822
1269,24.12568665
1270,24.30986404
1271,24.9423008
1272,25.07100487
1273,25.09763527
1274,24.21888542
1275,25.58804321
1276,26.38469124
1277,25.9985714
1278,26.3247757
1279,26.329216
1280,26.531147
1281,26.7205143
1282,26.49550438
1283,26.6715107
1284,27.18390465
1285,27.821064
1286,28.17305946
1287,28.31118584
1288,28.47827339
1289,28.67654991
1290,28.61639786
1291,28.85031319
1292,29.6300621
1293,29.44514847
1294,28.69214439
1295,29.05527496
1296,28.61862564
1297,28.75897789
1298,28.81913185
1299,28.63644028
1300,28.16192436
1301,28.20424652
1302,28.32455063
1303,27.73863029
1304,27.23291016
1305,27.72525787
1306,27.53366852
1307,27.83665466
1308,28.30226707
1309,28.6208477
1310,28.40475464
1311,28.04829788
1312,28.3401432
1313,28.22429848
1314,27.48688507
1315,27.67848015
1316,27.45792389
1317,28.15300751
1318,27.72081184
1319,27.68070984
1320,27.91908646
1321,28.37132454
1322,28.07280922
1323,27.98146057
1324,28.19534492
1325,28.31563568
1326,28.2599411
1327,28.13740921
1328,28.24434662
1329,28.10844994
1330,27.79209709
1331,28.42702293
1332,28.27330971
1333,28.65427017
1334,28.88819122
1335,29.02407837
1336,29.55208206
1337,29.08647156
1338,28.65872383
1339,27.88121414
1340,28.72778511
1341,28.67208862
1342,28.02602386
1343,27.85002327
1344,28.02227783
1345,28.55024147
1346,28.25941658
1347,28.15874863
1348,28.19006538
1349,28.84777832
1350,28.80751038
1351,29.12519073
1352,29.0983429
1353,29.09610176
1354,29.39364433
1355,29.65091133
1356,28.99767303
1357,29.53905296
1358,29.48089218
1359,29.1453228
1360,29.2034874
1361,29.0737381
1362,29.10952568
1363,28.93950462
1364,28.78067017
1365,28.59051704
1366,28.50550652
1367,28.83212662
1368,28.76725197
1369,28.44957161
1370,28.39364624
1371,28.54576683
1372,28.47865295
1373,28.60840797
1374,28.32205772
1375,28.54800797
1376,28.41825676
1377,28.6598587
1378,28.52339935
1379,28.35561562
1380,27.85897064
1381,28.06031036
1382,28.32205772
1383,28.28626633
1384,28.18782997
1385,28.11848259
1386,27.42049599
1387,26.86120796
1388,27.57933044
1389,28.11177063
1390,28.10058403
1391,28.37126541
1392,28.74934196
1393,28.99767303
1394,29.54576683
1395,29.2504673
1396,28.01333427
1397,27.99991035
1398,27.8522625
1399,27.46523857
1400,27.60169792
1401,27.51445198
1402,27.3757515
1403,27.13638687
1404,26.49656487
1405,25.64645004
1406,25.81647491
1407,25.87265015
1408,25.96029282
1409,26.90415001
1410,25.50410652
1411,25.8973732
1412,25.87714577
1413,26.05917931
1414,26.32884407
1415,26.18052864
1416,25.84568214
1417,25.3153286
1418,23.76698112
1419,23.17370415
1420,23.31302643
1421,24.65014839
1422,25.37601852
1423,25.45916367
1424,25.34005928
1425,24.20743752
1426,25.24567032
1427,24.80296326
1428,24.55576324
1429,25.23892784
1430,24.75352097
1431,25.29735756
1432,25.665905
1433,25.91310883
1434,26.13109016
1435,26.1602993
1436,25.6007328
1437,25.49511337
1438,25.89063263
1439,25.4838829
1440,25.69062042
1441,25.84344292
1442,25.77826881
1443,25.26814461
1444,24.50856781
1445,24.78723145
1446,24.62542343
1447,24.80520821
1448,24.89510155
1449,25.0141983
1450,24.89510155
1451,24.6074543
1452,25.19622803
1453,25.0793705
1454,25.12207222
1455,24.76700211
1456,25.13780212
1457,24.95352364
1458,25.10859108
1459,25.56702614
1460,25.56477737
1461,25.95580482
1462,26.76032257
1463,25.90636444
1464,25.74231529
1465,26.80302048
1466,27.08617401
1467,26.8547039
1468,27.23224449
1469,27.54461098
1470,27.41652107
1471,27.2901268
1472,27.32172585
1473,27.21114349
1474,26.35353088
1475,26.20457458
1476,26.11656189
1477,25.35373497
1478,25.76899719
1479,25.65841293
1480,26.47089005
1481,26.80716324
1482,26.9245224
1483,26.57470703
1484,26.82973099
1485,26.63789177
1486,26.58824348
1487,26.69882965
1488,26.48216629
1489,26.24294281
1490,25.99920654
1491,26.86358643
1492,26.69431114
1493,26.68302536
1494,26.09399033
1495,26.21811676
1496,25.54330444
1497,25.38533401
1498,24.93620491
1499,25.12804222
1500,24.59542465
1501,23.92964554
1502,24.22303581
1503,24.20047188
1504,24.51192093
1505,24.38101578
1506,24.10794067
1507,24.54125977
1508,24.22078323
1509,23.7558651
1510,23.77618027
1511,23.18036842
1512,22.72673416
1513,21.76756287
1514,21.882658
1515,22.23698997
1516,22.5597229
1517,21.97970772
1518,22.46041679
1519,21.92102432
1520,21.81495285
1521,21.8442955
1522,21.73370743
1523,22.8892231
1524,22.44236565
1525,22.56648827
1526,21.08372688
1527,21.23493767
1528,21.96842194
1529,21.76304626
1530,21.32295418
1531,21.74499702
1532,21.91971016
1533,21.33427811
1534,21.55892944
1535,21.5543766
1536,21.39100456
1537,21.26166916
1538,21.32747078
1539,21.92878342
1540,22.26461601
1541,21.84256935
1542,21.7926445
1543,21.98324394
1544,21.48630524
1545,21.80625534
1546,21.95601654
1547,21.99005699
1548,21.94013023
1549,22.81147957
1550,22.86139297
1551,23.03158379
1552,23.37421989
1553,23.11554337
1554,22.92493439
1555,22.94536209
1556,22.95670128
1557,23.20404053
1558,23.26303864
1559,23.73047066
1560,24.04587936
1561,24.00730133
1562,24.03453064
1563,24.03226852
1564,24.21605682
1565,24.08218575
1566,23.97780609
1567,23.86888885
1568,24.43389893
1569,24.86050034
1570,24.7311554
1571,24.95806885
1572,25.21447372
1573,24.91721916
1574,25.17817307
1575,24.62904358
1576,24.6562767
1577,24.73795509
1578,25.06017876
1579,25.42322922
1580,25.43685532
1581,24.92630386
1582,24.38852119
1583,24.25917435
1584,24.30909729
1585,24.04587936
1586,23.98007965
1587,23.8439312
1588,23.67827988
1589,22.19654274
1590,21.51807976
1591,21.27074814
1592,21.2480526
1593,21.59749603
1594,21.37285995
1595,21.28610039
1596,21.16738701
1597,21.18336868
1598,21.32719231
1599,21.11944771
1600,20.62405205
1601,20.66514015
1602,21.43220711
1603,21.3431797
1604,21.58745384
1605,21.50526237
1606,21.73812294
1607,22.01436615
1608,22.34994698
1609,22.74261093
1610,22.92296982
1611,22.90926743
1612,22.79741287
1613,22.47779655
1614,22.30885887
1615,22.3545208
1616,22.51659966
1617,22.6079216
1618,22.58737564
1619,22.74946594
1620,22.56226158
1621,22.22210312
1622,22.249506
1623,22.17645073
1624,22.27004623
1625,21.76323128
1626,21.7107296
1627,21.89564514
1628,21.81346321
1629,21.93902016
1630,21.32262802
1631,21.01215172
1632,21.36600304
1633,21.55092239
1634,21.82487488
1635,21.89108658
1636,21.68560982
1637,21.80889702
1638,21.90249825
1639,22.07143402
1640,22.1399231
1641,22.2403698
1642,22.11480522
1643,22.55313873
1644,22.55084419
1645,22.79055977
1646,22.79969025
1647,22.82023621
1648,22.69923973
1649,22.52345276
1650,22.22210312
1651,22.06914902
1652,23.50283623
1653,23.82016563
1654,23.79048729
1655,24.21055412
1656,23.85212517
1657,24.1511898
1658,24.30038071
1659,24.6699295
1660,24.87420273
1661,24.97520256
1662,24.78928566
1663,24.77321053
1664,24.83059883
1665,25.12898636
1666,25.10603523
1667,25.06931305
1668,25.03717995
1669,25.10144615
1670,24.90634346
1671,24.98438263
1672,24.79616737
1673,24.69058228
1674,24.54597282
1675,24.51843834
1676,24.33022499
1677,24.3531723
1678,24.49777794
1679,24.72731018
1680,24.72042465
1681,24.87191772
1682,24.22005081
1683,23.67146683
1684,24.20168304
1685,24.77780342
1686,25.6546154
1687,26.52683067
1688,26.37763596
1689,26.07006264
1690,26.0677681
1691,26.06317711
1692,26.30877304
1693,25.87037468
1694,25.90938759
1695,25.9575901
1696,26.15498924
1697,25.74871826
1698,25.94840813
1699,25.82675743
1700,25.93693924
1701,25.94840813
1702,26.14121246
1703,26.180233
1704,26.63700676
1705,26.69438362
1706,26.93309402
1707,26.85046577
1708,26.99966049
1709,26.98130417
1710,26.9629364
1711,26.88259888
1712,26.86882591
1713,26.76324272
1714,27.00425529
1715,27.14196968
1716,26.53141785
1717,26.27663994
1718,26.10219765
1719,26.06087875
1720,25.59034348
1721,25.61329651
1722,25.33875656
1723,25.11035538
1724,25.4725647
1725,25.62252426
1726,25.58099556
1727,24.86810875
1728,25.01576424
1729,24.38823128
1730,24.7112236
1731,25.37566948
1732,25.3664341
1733,25.39181709
1734,25.77710342
1735,25.79324913
1736,25.66174698
1737,25.79094696
1738,25.74018478
1739,25.71480942
1740,25.49794006
1741,25.26030922
1742,25.35490227
1743,25.17264366
1744,25.3664341
1745,25.61560631
1746,25.8670826
1747,26.28927231
1748,26.13931465
1749,26.57535172
1750,26.57535172
1751,26.72070313
1752,26.75530624
1753,26.90987968
1754,26.98139763
1755,27.00678253
1756,26.82913971
1757,26.88219261
1758,27.05291939
1759,26.93756676
1760,26.93064308
1761,26.72070313
1762,26.79682922
1763,26.76683807
1764,26.90295601
1765,27.20288086
1766,27.45204544
1767,27.47973251
1768,27.62738609
1769,27.51202583
1770,27.46358109
1771,27.68506241
1772,27.68275642
1773,27.63430595
1774,27.68506241
1775,27.70351982
1776,27.67814255
1777,28.11878967
1778,28.13264084
1779,28.13494492
1780,28.06111908
1781,27.99652481
1782,29.70375824
1783,29.65301323
1784,29.7799015
1785,30.05905533
1786,30.34514046
1787,30.46278763
1788,30.68292427
1789,30.61340904
1790,30.88450813
1791,31.28535652
1792,31.39890862
1793,31.36182594
1794,31.44756317
1795,31.67463875
1796,31.76963425
1797,31.635252
1798,31.66536713
1799,31.72792435
1800,31.74183846
1801,32.39060211
1802,32.19828796
1803,32.38830948
1804,32.28634262
1805,32.32806778
1806,32.20755768
1807,32.13341522
1808,32.24000168
1809,32.25391769
1810,32.20524979
1811,32.54586411
1812,32.59914398
1813,32.43695831
1814,32.77757263
1815,32.40221405
1816,32.7682991
1817,32.65244675
1818,32.58757019
1819,32.64317703
1820,33.31977081
1821,33.39390945
1822,33.34989166
1823,33.28733826
1824,33.2965889
1825,33.54454041
1826,33.37075424
1827,33.28733826
1828,33.21317291
1829,33.17378998
1830,32.81696701
1831,32.85635757
1832,32.68257141
1833,32.86330795
1834,32.71732712
1835,32.5968399
1836,33.0046463
1837,32.96526337
1838,33.28269196
1839,33.48891068
1840,33.29196548
1841,33.31745911
1842,33.28502655
1843,33.96392441
1844,34.17940903
1845,34.07514572
1846,33.9523468
1847,34.51538467
1848,35.45382309
1849,35.68088913
1850,35.51173401
1851,35.81885529
1852,36.31908417
1853,36.22602081
1854,36.17250443
1855,34.95798874
1856,35.49080276
1857,35.61178589
1858,35.82816315
1859,35.78396606
1860,35.67693329
1861,35.80025864
1862,35.73976135
1863,35.75370789
1864,35.54198837
1865,35.63970566
1866,36.16785812
1867,35.81420517
1868,35.93520355
1869,36.1492424
1870,36.06082916
1871,34.66250992
1872,33.83422089
1873,34.10643768
1874,33.7737236
1875,33.57130814
1876,33.10132217
1877,34.04827499
1878,33.73882675
1879,33.93892288
1880,33.88309479
1881,34.03430939
1882,33.92728424
1883,33.44101715
1884,33.92961884
1885,33.42938614
1886,33.5084877
1887,33.38749695
1888,33.52477646
1889,33.20833969
1890,33.54571152
1891,33.75044632
1892,33.85980988
1893,33.90867615
1894,34.38098145
1895,34.6764679
1896,34.79745483
1897,34.91843033
1898,35.13714218
1899,34.97893143
1900,34.96264648
1901,35.38610077
1902,35.53733444
1903,35.70484924
1904,35.03012466
1905,34.78350067
1906,34.60433197
1907,34.91145325
1908,36.56106949
1909,36.19578171
1910,36.38655853
1911,36.94960403
1912,37.2450943
1913,37.47310638
1914,36.27951813
1915,36.78404617
1916,37.33763504
1917,37.74640274
1918,37.5945816
1919,36.87281418
1920,36.78873062
1921,36.72099686
1922,37.32128143
1923,37.36799622
1924,37.20215988
1925,37.33996582
1926,37.71604919
1927,38.05239105
1928,38.15516281
1929,38.30699539
1930,38.31866837
1931,37.85852432
1932,37.81879044
1933,37.66698074
1934,37.05266571
1935,37.72303391
1936,37.57355499
1937,37.29091263
1938,36.97091293
1939,37.34464264
1940,37.06201553
1941,37.07604218
1942,36.45471191
1943,35.82870483
1944,35.47834015
1945,35.16534805
1946,35.77031708
1947,36.02492142
1948,35.80301285
1949,35.99921799
1950,35.92681122
1951,36.08330536
1952,35.84973907
1953,36.29587173
1954,36.27485275
1955,36.40098572
1956,36.41499329
1957,36.56682968
1958,36.43836212
1959,36.66959763
1960,37.34464264
1961,37.48244858
1962,37.31661224
1963,36.43368149
1964,36.49675369
1965,36.47805786
1966,36.69529343
1967,36.53412247
1968,36.76768875
1969,38.08509064
1970,38.94232178
1971,39.48423386
1972,38.98202515
1973,39.26700211
1974,40.29242325
1975,40.70116806
1976,40.83199692
1977,41.166008
1978,41.08191681
1979,40.94594574
1980,40.78184509
1981,40.16534424
1982,39.63554764
1983,40.10907745
1984,39.88637543
1985,39.84652328
1986,40.58729172
1987,41.01392746
1988,41.01626968
1989,40.8099823
1990,40.57087326
1991,39.72931671
1992,40.28488922
1993,40.09735107
1994,39.80432129
1995,39.766819
1996,39.61912537
1997,39.69181061
1998,39.70352936
1999,40.47711563
2000,40.24971771
2001,40.38334274
2002,40.37162399
2003,40.78184509
2004,41.35618591
2005,40.91547394
2006,40.87093353
2007,41.02565384
2008,41.02565384
2009,39.98483276
2010,39.99185562
2011,40.10438538
2012,39.6707077
2013,40.38099289
2014,40.37397003
2015,40.56150436
2016,41.02330017
2017,40.87093353
2018,40.86624146
2019,40.85686493
2020,41.08894348
2021,41.513237
2022,41.30224991
2023,41.98442078
2024,42.02192688
2025,41.83439255
2026,41.49214554
2027,41.50151062
2028,40.84045029
2029,40.11141968
2030,40.20516586
2031,39.37299728
2032,39.14092255
2033,39.24874878
2034,39.3307991
2035,37.62423325
2036,36.68421555
2037,38.21731186
2038,37.399189
2039,36.37008286
2040,36.81494522
2041,38.29781342
2042,38.68146515
2043,39.39465714
2044,40.71746826
2045,40.5856514
2046,40.44913483
2047,40.26554108
2048,40.6021347
2049,41.30823898
2050,42.12499619
2051,41.98847961
2052,41.92492676
2053,41.19055939
2054,41.47536087
2055,41.61894226
2056,41.58363724
2057,41.19762421
2058,41.64719391
2059,42.36273193
2060,42.77228165
2061,42.36037445
2062,42.00025558
2063,42.04967499
2064,41.90138626
2065,41.26118088
2066,41.24704742
2067,40.31262207
2068,39.74300385
2069,38.82269669
2070,40.66567993
2071,39.62295914
2072,39.18516922
2073,39.49115372
2074,39.23223877
2075,39.63473892
2076,40.39263916
2077,40.67273331
2078,39.63238144
2079,40.02545929
2080,40.77865601
2081,40.58800125
2082,40.98814392
2083,41.12700653
2084,41.38357162
2085,41.95316696
2086,41.85902786
2087,40.67273331
2088,39.00629044
2089,38.89330292
2090,38.35194016
2091,38.51905441
2092,38.65322113
2093,38.20602036
2094,38.89801788
2095,39.80186081
2096,41.56010056
2097,41.63540649
2098,43.26890945
2099,43.58197403
2100,43.7914505
2101,44.09980011
2102,44.73059082
2103,44.56046677
2104,44.45650864
2105,44.05246735
2106,44.46358871
2107,44.18241882
2108,44.02175522
2109,44.33364105
2110,44.22258759
2111,44.50612259
2112,44.45650864
2113,44.55811691
2114,44.39743042
2115,44.3029213
2116,44.15406418
2117,44.95034027
2118,45.32601547
2119,45.67570496
2120,45.83403778
2121,45.71116257
2122,45.29530716
2123,45.18424606
2124,45.43235397
2125,45.05902863
2126,45.08265686
2127,44.61954498
2128,44.59590912
2129,43.87525558
2130,44.06663513
2131,43.82089615
2132,43.6933136
2133,43.04354095
2134,43.57753372
2135,43.51373672
2136,43.83035278
2137,43.73820496
2138,44.22730255
2139,43.45703506
2140,43.80673218
2141,44.41396713
2142,45.03067398
2143,44.9763298
2144,44.39270401
2145,45.13699722
2146,45.20788956
2147,45.10863876
2148,45.23624039
2149,44.98814011
2150,45.33783722
2151,45.23387527
2152,45.27404404
2153,45.60247803
2154,46.03251266
2155,45.88837051
2156,45.12519455
2157,44.87236786
2158,44.9621582
2159,47.61087799
2160,49.00258255
2161,49.14434052
2162,49.39953613
2163,48.93641663
2164,48.9695015
2165,49.35464478
2166,49.20763016
2167,49.52536392
2168,49.73400497
2169,49.85019684
2170,50.58050156
2171,51.59059525
2172,51.08792877
2173,50.98832703
2174,50.99069977
2175,51.095047
2176,51.25390244
2177,51.67595673
2178,52.09327698
2179,52.87099457
2180,53.35707474
2181,53.97355652
2182,54.14664841
2183,53.79336166
2184,52.89944839
2185,52.47265244
2186,51.76841736
2187,53.07728577
2188,52.41810608
2189,53.68428421
2190,53.07490158
2191,51.66173172
2192,51.74708939
2193,51.77791595
2194,52.17151642
2195,51.60956573
2196,52.35170746
2197,52.68368149
2198,52.26398849
2199,53.33808899
2200,53.52542114
2201,53.8858223
2202,54.36479568
2203,55.02632904
2204,54.058918
2205,53.18160248
2206,53.05831528
2207,53.79336166
2208,51.30131531
2209,50.84844208
2210,52.664711
2211,51.53842926
2212,52.67418289
2213,52.44655991
2214,51.2206955
2215,52.00078964
2216,52.31853104
2217,52.81171036
2218,51.00019836
2219,52.11697769
2220,51.28709412
2221,50.32442093
2222,50.57575607
2223,51.89409637
2224,52.69078445
2225,49.19577408
2226,47.79919052
2227,48.31610107
2228,49.78144455
2229,49.60775375
2230,48.65123749
2231,46.20046616
2232,45.73886871
2233,44.44686508
2234,45.54376221
2235,46.0481987
2236,44.22319412
2237,42.11031342
2238,42.06272125
2239,40.99437714
2240,41.54877472
2241,41.45835114
2242,43.05254745
2243,42.72182083
2244,42.49101257
2245,43.97574615
2246,42.04130173
2247,41.57257462
2248,40.09020996
2249,40.35432434
2250,40.12353516
2251,40.23537064
2252,40.67553711
2253,39.37401581
2254,39.00759506
2255,39.51440811
2256,38.28189468
2257,37.31585693
2258,35.86442947
2259,34.93646622
2260,37.39674759
2261,37.15406418
2262,37.17309189
2263,37.53238678
2264,37.57521057
2265,33.83244705
2266,35.2767334
2267,35.19820404
2268,35.86919022
2269,36.47830963
2270,36.59490204
2271,36.23561859
2272,35.69073105
2273,36.42120743
2274,36.8661499
2275,37.0850563
2276,37.31347656
2277,36.47593307
2278,36.62345123
2279,36.33316422
2280,37.53713989
2281,37.18975449
2282,36.80429077
2283,39.31930161
2284,39.60243607
2285,39.62147522
2286,40.74693298
2287,41.44408417
2288,41.45835114
2289,40.67316437
2290,40.72096252
2291,40.48678589
2292,40.83565903
2293,40.66598892
2294,40.81414795
2295,40.72334671
2296,40.84521484
2297,41.10807037
2298,40.87627792
2299,41.33268738
2300,41.63376999
2301,41.6576767
2302,41.78670883
2303,41.37570572
2304,41.8106041
2305,42.02089691
2306,41.94442749
2307,41.70307541
2308,41.22038269
2309,41.31834412
2310,42.7497139
2311,43.23002625
2312,43.42118835
2313,43.90388489
2314,44.47499847
2315,44.92901611
2316,44.57297134
2317,44.96247482
2318,46.61845016
2319,45.65306091
2320,45.10106277
2321,44.6350975
2322,45.0365448
2323,45.09628677
2324,45.3902092
2325,45.69847488
2326,46.36276245
2327,46.68059158
2328,46.76182556
2329,47.07487488
2330,47.81564331
2331,47.6722641
2332,47.93989944
2333,47.54083633
2334,47.52172089
2335,47.60774612
2336,47.6125145
2337,48.53969193
2338,48.7141304
2339,48.87423706
2340,49.57915115
2341,49.5026741
2342,49.05344391
2343,48.81926346
2344,48.89334488
2345,47.95184326
2346,50.30559158
2347,49.97821426
2348,50.59951019
2349,49.81812286
2350,48.47515488
2351,48.48472595
2352,47.96379852
2353,47.29932404
2354,44.55032349
2355,45.25556183
2356,45.79768372
2357,45.59619904
2358,45.33711243
2359,43.91943359
2360,44.76140594
2361,43.84508133
2362,43.0966568
2363,42.93113708
2364,42.75362778
2365,42.54972839
2366,42.77042389
2367,41.9956131
2368,41.57101822
2369,43.0918541
2370,43.7875061
2371,44.43038559
2372,45.6129837
2373,46.19588852
2374,46.73081589
2375,46.58208466
2376,46.57249832
2377,46.23426819
2378,46.51012802
2379,47.60396957
2380,47.46485138
2381,47.84625244
2382,47.68313599
2383,47.63515854
2384,46.91312027
2385,47.92781448
2386,47.91342163
2387,47.4768486
2388,48.34759903
2389,48.63065338
2390,49.03364944
2391,48.99048233
2392,47.98058319
2393,48.27323151
2394,48.75059891
2395,48.39558792
2396,48.76740646
2397,49.22556686
2398,49.05524063
2399,48.77939606
2400,49.33350372
2401,48.5970726
2402,49.7077179
2403,50.09631348
2404,50.05554199
2405,49.65974808
2406,49.8324585
2407,50.29781342
2408,50.08192825
2409,51.10380173
2410,49.99797058
2411,48.94010925
2412,46.37819672
2413,47.25615692
2414,47.74550629
2415,48.79856873
2416,48.39645386
2417,48.27365112
2418,50.31796646
2419,48.82024765
2420,48.57704544
2421,49.72320938
2422,50.65026093
2423,50.65266418
2424,51.20166016
2425,51.15831375
2426,48.79375458
2427,49.72080612
2428,49.15975952
2429,49.4896431
2430,50.32759094
2431,50.26258087
2432,49.53057098
2433,50.37093735
2434,51.35577393
2435,51.35094833
2436,51.57006836
2437,52.17927551
2438,53.83831406
2439,53.71792221
2440,52.67287827
2441,52.94979858
2442,53.14242554
2443,53.64086914
2444,53.20503998
2445,52.42728043
2446,52.66566086
2447,52.41524124
2448,53.22188187
2449,52.94739532
2450,52.68973541
2451,53.92981339
2452,54.07910538
2453,52.72345734
2454,53.17133331
2455,54.66182327
2456,54.67385483
2457,54.03335953
2458,54.66663742
2459,55.40343857
2460,56.87709427
2461,56.79523087
2462,56.66279984
2463,56.43402863
2464,56.65314484
2465,56.92524338
2466,57.91249084
2467,57.78006363
2468,58.55540085
2469,58.65171051
2470,59.37408829
2471,59.96883774
2472,58.58188629
2473,58.57465744
2474,59.89901733
2475,61.59899139
2476,62.00351715
2477,61.91442108
2478,61.9408989
2479,62.65578842
2480,62.82727432
2481,63.32479477
2482,63.26681519
2483,63.87302399
2484,63.43103409
2485,64.18457794
2486,64.50819397
2487,64.31255341
2488,63.56387711
2489,63.27890778
2490,63.22334671
2491,64.33189392
2492,63.8295517
2493,64.68691254
2494,64.54441833
2495,63.79815674
2496,62.66062164
2497,63.21366119
2498,64.14109039
2499,65.38006592
2500,64.46472931
2501,64.8414917
2502,65.39453888
2503,65.56119537
2504,66.45238495
2505,67.58991241
2506,67.7227478
2507,67.56091309
2508,67.6285553
2509,67.48846436
2510,68.58974457
2511,68.65496826
2512,70.01709747
2513,69.99055481
2514,70.40596008
2515,70.92037201
2516,72.53849792
2517,71.8332901
2518,72.40569305
2519,72.06515503
2520,73.22440338
2521,74.77976227
2522,74.94880676
2523,76.55003357
2524,75.51634979
2525,75.19273376
2526,76.13465118
2527,76.9775238
2528,76.45587158
2529,76.72877502
2530,77.09827423
2531,76.87609863
2532,74.61553192
2533,76.72634888
2534,78.33242035
2535,78.21890259
2536,74.75077057
2537,74.54550171
2538,77.00650787
2539,77.63444519
2540,78.54250336
2541,77.47494507
2542,77.84291077
2543,77.37326813
2544,79.21070099
2545,78.6466217
2546,78.66599274
2547,77.22557068
2548,78.3440094
2549,77.54030609
2550,75.78516388
2551,72.18534088
2552,69.740242
2553,70.84660339
2554,66.21548462
2555,66.17674255
2556,72.33784485
2557,70.04045105
2558,73.28925323
2559,70.91196442
2560,69.97026062
2561,64.43616486
2562,69.07693481
2563,66.67786407
2564,60.09311295
2565,67.29277039
2566,58.63576889
2567,61.21398163
2568,59.71546173
2569,59.25792694
2570,55.49589539
2571,54.31694031
2572,59.76629639
2573,59.43707275
2574,62.56483841
2575,59.97449493
2576,61.6860466
2577,61.56016922
2578,58.32104492
2579,59.29423904
2580,58.4420929
2581,63.54044724
2582,62.80448914
2583,64.4119339
2584,64.87674713
2585,66.1501236
2586,69.49092865
2587,68.85664368
2588,69.40377045
2589,68.46205902
2590,67.04099274
2591,64.96875
2592,66.840065
2593,66.58105469
2594,68.50321198
2595,68.55161285
2596,67.44043732
2597,69.65554047
2598,71.125
2599,69.97994995
2600,70.97007751
2601,72.0352478
2602,72.77845001
2603,73.53133392
2604,75.2815094
2605,76.46609497
2606,75.59222412
2607,74.67948914
2608,75.13829041
2609,74.69406891
2610,76.4539566
2611,76.01216125
2612,77.49045563
2613,76.91274261
2614,77.4079361
2615,76.88359833
2616,77.21859741
2617,77.25257111
2618,77.17732239
2619,78.12644196
2620,78.48812103
2621,78.92020416
2622,78.24053955
2623,80.46891022
2624,80.94467163
2625,83.50075531
2626,85.6490097
2627,81.53697205
2628,82.24092102
2629,83.25801086
2630,85.46450806
2631,85.34561157
2632,85.37956238
2633,84.8916626
2634,87.11275482
2635,88.97214508
2636,87.40161133
2637,88.56192017
2638,85.84076691
2639,87.81912231
2640,88.55218506
2641,88.38471222
2642,88.38471222
2643,90.74902344
2644,90.46743011
2645,92.57444
2646,92.97254181
2647,93.13515472
2648,92.70552826
2649,94.23964691
2650,94.88776398
2651,93.72016907
2652,93.53083801
2653,95.50189972
2654,94.183815
2655,94.44837952
2656,90.14945221
2657,89.92610931
2658,92.05738831
2659,90.54512024
2660,92.28071594
2661,93.39733887
2662,103.1749878
2663,105.7747116
2664,106.4811172
2665,106.8670654
2666,110.5955658
2667,108.0811081
2668,109.6520538
2669,106.3909988
2670,109.9268494
2671,111.8722839
2672,111.7725754
2673,111.4807739
2674,112.4097061
2675,112.5507431
2676,115.0481873
2677,120.9769287
2678,122.4238281
2679,121.4195023
2680,123.070694
2681,121.599472
2682,121.4024734
2683,125.5194931
2684,130.5192566
2685,127.8151169
2686,117.5821228
2687,117.6599426
2688,109.7420197
2689,114.1192551
2690,110.3937378
2691,108.9443817
2692,112.2127228
2693,112.3878098
2694,109.0708466
2695,107.3296585
2696,103.9251862
2697,107.0767822
2698,108.7595749
2699,104.1975403
2700,105.2675171
2701,109.2167587
2702,111.8236313
2703,110.9773636
2704,112.6504517
2705,113.6037216
2706,109.936554
2707,113.3216095
2708,110.0727386
2709,111.9403687
2710,111.8333588
2711,113.7787933
2712,121.0060959
2713,117.7961121
2714,117.883667
2715,117.4167557
2716,115.7728653
2717,112.8158035
2718,114.3040848
2719,113.6815262
2720,112.5920715
2721,111.9014587
2722,111.911171
2723,113.4188995
2724,108.1662064
2725,112.1738129
2726,105.8900452
2727,105.8025131
2728,107.4269562
2729,111.8139038
2730,115.7826157
2731,115.651062
2732,113.3417282
2733,113.000679
2734,116.4305649
2735,116.157753
2736,116.2064743
2737,117.2198181
2738,116.3331223
2739,115.0079651
2740,115.602356
2741,114.3356323
2742,110.9349747
2743,112.2211685
2744,113.059166
2745,113.6048431
2746,116.0018539
2747,119.5778809
2748,119.9286499
2749,119.7922363
2750,119.1199112
2751,120.5814896
2752,121.1953659
2753,118.6619186
2754,120.0845566
2755,119.2758179
2756,118.6619186
2757,124.605751
2758,124.5375443
2759,125.4047623
2760,123.4169922
2761,124.946785
2762,128.5033112
2763,127.6069107
2764,128.5910339
2765,133.1901703
2766,131.4168091
2767,130.2962494
2768,129.2926025
2769,126.0966034
2770,127.655632
2771,123.3585281
2772,127.5679398
2773,128.6689911
2774,125.6775589
2775,125.5022125
2776,127.5386658
2777,125.6094055
2778,123.8847122
2779,124.557045
2780,128.6494904
2781,133.3655701
2782,135.5092163
2783,139.2606354
2784,139.4945068
2785,138.4226532
2786,133.5799255
2787,128.5813293
2788,130.7054749
2789,131.5337219
2790,130.5106354
2791,133.8722687
2792,133.4575195
2793,133.6039124
2794,132.7256165
2795,132.1206055
2796,131.8669128
2797,132.1010742
2798,129.9737549
2799,127.6804733
2800,126.5777664
2801,126.7338791
2802,122.9573593
2803,122.8207321
2804,122.3230515
2805,118.0683365
2806,118.3318176
2807,124.7041397
2808,122.0986099
2809,119.1125031
2810,117.2290878
2811,118.4879608
2812,113.5501404
2813,118.1659088
2814,117.0827255
2815,119.0149078
2816,118.1073761
2817,120.9958801
2818,122.537735
2819,121.7472839
2820,117.6194382
2821,117.0924911
2822,120.4103851
2823,119.5809097
2824,117.1900635
2825,117.6779785
2826,118.28302
2827,118.4586792
2828,117.0046692
2829,119.2002945
2830,120.0298004
2831,122.8597794
2832,123.1622849
2833,124.8114624
2834,127.2120667
2835,129.7882843
2836,128.0708466
2837,131.1837463
2838,128.8417664
2839,131.2520905
2840,130.9203033
2841,131.5839081
2842,129.8956451
2843,130.2762146
2844,128.7539063
2845,131.0764465
2846,131.4667816
2847,131.1447601
2848,130.3543091
2849,130.2567291
2850,128.2855225
2851,129.3394318
2852,124.7626877
2853,125.0066528
2854,126.6070404
2855,127.2815475
2856,123.9971085
2857,123.0782394
2858,120.0088425
2859,122.1593628
2860,124.5836029
2861,123.43013
2862,122.0420532
2863,121.8856506
2864,124.4467316
2865,122.609024
2866,124.2414703
2867,124.0459671
2868,123.9971085
2869,122.4623871
2870,121.8074493
2871,121.4849091
2872,122.2473526
2873,120.7615356
2874,123.0586777
2875,123.0684509
2876,123.8895493
2877,124.2707901
2878,123.2737427
2879,124.4858551
2880,127.5454636
2881,126.7243271
2882,127.222847
2883,128.8259583
2884,127.5259018
2885,129.3245392
2886,130.9667511
2887,130.6930542
2888,130.4095612
2889,130.1162567
2890,131.7487183
2891,133.2638855
2892,133.8796692
2893,134.182785
2894,136.8122253
2895,138.8258972
2896,141.318573
2897,140.0184631
2898,141.8463898
2899,141.2501221
2900,142.364502
2901,145.795578
2902,145.1406097
2903,143.0976105
2904,139.2462463
2905,142.8630371
2906,142.1298828
2907,143.4984283
2908,145.218811
2909,145.6391754
2910,143.4690704
2911,141.7193451
2912,142.364502
2913,142.5795288
2914,142.2471924
2915,144.0458221
2916,143.6450653
2917,143.7525635
2918,143.0672455
2919,143.0183105
2920,142.53862
2921,142.7931366
2922,145.7594757
2923,145.9650421
2924,147.9425659
2925,147.0321198
2926,143.2826691
2927,143.615509
2928,145.0742188
2929,146.5622101
2930,146.4740753
2931,145.2406158
2932,144.4378357
2933,145.4755707
2934,149.9005127
2935,148.637619
2936,149.3033295
2937,150.419342
2938,151.0557098
2939,153.3954773
2940,151.8487091
2941,150.8305511
2942,145.8378143
2943,146.4055786
2944,145.005661
2945,145.8964844
2946,145.6615448
2947,142.9889679
2948,139.9346008
2949,140.4142456
2950,142.7833862
2951,143.7427673
2952,143.8308868
2953,142.3134613
2954,138.926239
2955,139.8268738
2956,138.5248413
2957,139.65065
2958,136.2144165
2959,138.1430359
2960,139.014328
2961,140.2772064
2962,139.8953857
2963,139.8072815
2964,138.5346069
2965,137.9472656
2966,140.7373199
2967,141.7946167
2968,143.4686737
2969,145.6321716
2970,146.1216888
2971,146.3370514
2972,145.5636139
2973,145.5147095
2974,146.1804199
2975,145.7203064
2976,149.3620758
2977,146.6503448
2978,145.8280029
2979,146.8657227
2980,148.3048096
2981,147.7859344
2982,148.3153381
2983,147.4918213
2984,147.8545532
2985,145.0211792
2986,144.9721832
2987,147.0506439
2988,147.0604553
2989,148.040863
2990,150.4820404
2991,154.7762146
2992,157.4036865
2993,157.864502
2994,158.2468414
2995,158.766449
2996,153.7369843
2997,157.0997772
2998,162.0605927
2999,161.5409698
3000,160.5507813
3001,158.668396
3002,162.0802307
3003,167.8253632
3004,171.648941
3005,171.1391449
3006,175.9333038
3007,172.2960358
3008,170.9136505
3009,175.7862549
3010,168.8842163
3011,167.7861328
3012,166.4233856
3013,169.5998993
3014,172.1979523
3015,172.8254089
3016,176.7960358
3017,175.776413
3018,175.8647003
3019,174.7078094
3020,174.0901489
3021,178.443161
3022,176.1784058
3023,171.4920959
3024,168.629303
3025,168.7959442
3026,168.815567
3027,171.648941
3028,172.0901184
3029,168.815567
3030,169.6783447
3031,166.4724121
3032,162.9723511
3033,161.286087
3034,159.2272491
3035,158.452713
3036,156.6487579
3037,156.5605164
3038,156.099762
3039,166.9920349
3040,171.3547974
3041,171.1881714
3042,172.3940582
3043,169.511673
3044,169.2269745
3045,168.510376
3046,171.6222076
3047,173.0456085
3048,168.9619293
3049,165.5458069
3050,165.7814026
3051,169.6196594
3052,169.3840485
3053,165.7814026
3054,164.2304077
3055,161.3051147
3056,157.1330566
3057,159.7540588
3058,161.8253632
3059,162.0903473
3060,160.2055817
3061,163.503952
3062,163.1799927
3063,160.1761322
3064,156.3771973
3065,154.5513
3066,159.9601746
3067,155.6114807
3068,151.8909912
3069,147.8563995
3070,152.2444
3071,156.6618195
3072,157.6729431
3073,160.9712982
3074,162.3456268
3075,165.7224884
3076,167.0870056
3077,170.8761597
3078,171.5142365
3079,172.3781128
3080,175.6764526
3081,174.5082855
3082,171.4062653
3083,171.1117706
3084,175.1659851
3085,171.8479919
3086,168.6772614
3087,168.9815826
3088,166.9691925
3089,162.7088318
3090,164.583786
3091,167.2734985
3092,162.2572327
3093,162.0413055
3094,164.3285522
3095,164.1616669
3096,163.3665314
3097,158.8214874
3098,159.8914642
3099,153.9230042
3100,153.6972961
3101,160.6375427
3102,154.7574463
3103,155.0617676
3104,156.5538635
3105,162.9738312
3106,153.8935852
3107,154.6210938
3108,149.4893188
3109,151.8979034
3110,144.0233002
3111,140.1499481
3112,144.6230011
3113,143.0795288
3114,146.71698
3115,138.4393463
3116,135.0280304
3117,135.2639618
3118,140.6906281
3119,137.9871216
3120,138.1444244
3121,141.3492737
3122,147.1102142
3123,146.3237457
3124,146.1959534
3125,148.6536865
3126,142.9222412
3127,143.6693573
3128,146.1959534
3129,145.4586334
3130,140.2285767
3131,134.8117371
3132,129.6504822
3133,130.5155945
3134,133.1404572
3135,127.8612442
3136,129.335907
3137,133.5730438
3138,133.0618439
3139,135.9324341
3140,139.265152
3141,139.265152
3142,135.1165009
3143,136.8762207
3144,134.4086456
3145,136.5812683
3146,139.1668396
3147,140.50383
3148,143.8758698
3149,144.5541992
3150,142.4208832
3151,143.3941193
3152,143.0303955
3153,145.9600372
3154,147.6312408
3155,144.5836639
3156,148.4472656
3157,150.4527435
3158,152.7236938
3159,151.4849854
3160,150.3642578
3161,149.0371094
3162,154.1393585
3163,154.6899109
3164,159.7626495
3165,158.7795715
3166,157.3049469
3167,163.3214417
3168,163.0068817
3169,162.7804565
3170,162.3079071
3171,162.3571167
3172,166.6099701
3173,165.8716431
3174,169.4255829
3175,170.4985962
3176,170.3410797
3177,171.8374481
3178,171.4436646
3179,168.8545685
3180,164.9659576
3181,164.6312408
3182,164.9265594
3183,167.3877106
3184,161.0773163
3185,158.8721161
3186,156.4405365
3187,154.7767792
3188,155.5052795
3189,153.3886871
3190,152.1285858
3191,153.536377
3192,152.0596771
3193,154.9244385
3194,160.8902588
3195,151.449295
3196,152.8964386
3197,150.0021362
3198,148.3580933
3199,152.0793304
3200,154.4617462
3201,151.3311768
3202,150.3664246
3203,148.0923004
3204,148.4270325
3205,149.4016113
3206,147.5114441
3207,140.2658234
3208,136.0523376
3209,140.2362823
3210,143.8296051
3211,144.1249237
3212,143.1699829
3213,137.9129944
3214,138.2378387
3215,136.8202515
3216,136.1901703
3217,140.7679443
3218,136.2295837
3219,140.1969299
3220,141.5160828
3221,141.6243896
3222,141.1616974
3223,144.9813995
3224,147.127533
3225,149.9726257
3226,147.0290985
3227,142.5498047
3228,153.319809
3229,150.9570923
3230,148.3088837
3231,142.7761993
3232,136.7217865
3233,136.4555664
3234,136.9880371
3235,137.5599823
3236,132.9943695
3237,144.8274841
3238,147.618103
3239,146.217865
3240,147.9533997
3241,146.7207947
3242,148.6239319
3243,149.1860199
3244,145.9516144
3245,148.0914459
3246,148.9690857
3247,146.0502167
3248,142.214325
3249,139.2067261
3250,145.971344
3251,146.2474518
3252,145.7543945
3253,144.5908356
3254,140.9225616
3255,138.97995
3256,140.6661682
3257,140.1829834
3258,142.4806061
3259,143.4469604
3260,141.2183685
3261,134.6016998
3262,132.6393433
3263,130.5291138
3264,130.4600983
3265,133.5662994
3266,130.3910675
3267,130.0262146
3268,128.2216492
3269,124.2871552
3270,127.8075256
3271,128.1230621
3272,123.3306503
3273,124.6026993
3274,123.2813339
3275,127.8173752
3276,128.3399658
3277,128.9119568
3278,131.6335449
3279,131.5546722
3280,132.8858795
3281,134.0494995
3282,133.3296509
3283,133.3888245
3284,135.9526215
3285,139.1475983
3286,140.5478058
3287,139.887146
3288,141.9579468
3289,143.9005432
3290,141.0113068
3291,142.283371
3292,143.407486
3293,148.7225189
3294,152.3513641
3295,149.619873
3296,152.4992981
3297,149.8072205
3298,148.7718658
3299,149.1372681
3300,151.9420319
3301,151.3000946
3302,153.4037018
3303,151.803772
3304,150.6581573
3305,146.6386414
3306,147.0633087
3307,147.5472412
3308,144.8905945
3309,146.0855865
3310,145.5818939
3311,143.5079498
3312,144.1005096
3313,149.1570129
3314,151.922287
3315,149.7199249
3316,150.9741821
3317,148.7224579
3318,146.658371
3319,148.6039581
3320,150.6976776
3321,151.0926971
3322,153.9172211
3323,153.077774
3324,155.4479828
3325,157.3046875
3326,155.8726959
3327,156.9590454
3328,158.2626801
3329,156.3170929
3330,155.6949158
3331,158.7762146
3332,160.3465118
3333,162.8549805
3334,164.1092529
3335,163.5759583
3336,161.729126
3337,162.617981
3338,160.0206146
3339,158.8058624
3340,158.1145325
3341,163.5068054
3342,163.1611786
3343,163.1808929
3344,164.4055481
3345,165.5511322
3346,164.5832977
3347,162.9734955
3348,163.2796783
3349,161.7389832
3350,161.729126
3351,166.3214417
3352,167.5757294
3353,167.4868164
3354,166.4498596
3355,165.3733673
3356,163.7339478
3357,171.4174805
3358,171.3483429
3359,169.6398315
3360,171.4076233
3361,171.5952454
3362,170.6656036
3363,170.1711426
3364,170.1711426
3365,170.7843018
3366,173.1182709
3367,173.2270508
3368,172.2776337
3369,169.6667633
3370,169.9436798
3371,171.0809784
3372,173.4940338
3373,175.3434296
3374,175.2939911
3375,178.1026154
3376,178.953125
3377,177.5982513
3378,177.2323608
3379,175.8576813
3380,178.5773468
3381,178.9630585
3382,181.7617798
3383,181.2870789
3384,181.9200287
3385,183.9573212
3386,182.8793488
3387,182.9683228
3388,181.9299469
3389,184.9363708
3390,184.6199036
3391,183.2254639
3392,185.9846802
3393,187.1615448
3394,187.4978027
3395,191.829483
3396,190.3361053
3397,189.2185974
3398,189.6932831
3399,188.5757751
3400,186.5286255
3401,186.0044556
3402,187.6758118
3403,188.4373322
3404,188.5856934
3405,191.8492279
3406,191.5921173
3407,192.946991
3408,190.9987335
3409,189.8218689
3410,190.6229248
3411,191.4833374
3412,192.3536072
3413,191.0877228
3414,193.6689453
3415,194.2821045
3416,193.4513702
3417,190.4548035
3418,189.0603485
3419,179.9816742
3420,176.8763123
3421,177.8158417
3422,176.2236176
3423,176.0060272
3424,176.0654449
3425,177.7192688
3426,175.7287445
3427,174.8573151
3428,172.3122101
3429,172.7974701
3430,174.1343689
3431,175.5108795
3432,179.3631439
3433,174.6691437
3434,176.8774719
3435,178.4421844
3436,182.3340302
3437,185.8297729
3438,186.0476685
3439,187.6222534
3440,187.8599091
3441,181.1358032
3442,175.837677
3443,176.4516449
3444,177.6202087
3445,174.58992
3446,172.5201569
3447,174.0353394
3448,173.3124084
3449,176.2436829
3450,177.3330231
3451,173.7877808
3452,172.2428589
3453,173.0945587
3454,174.3720245
3455,170.2919922
3456,168.7768555
3457,169.034317
3458,169.5492706
3459,172.064621
3460,170.7277374
3461,171.9755249
3462,173.2134094
3463,175.7683716
3464,177.2538147
3465,176.6596375
3466,178.055954
3467,178.9571381
3468,177.1151733
3469,176.9864349
3470,175.4316406
3471,174.1343689
3472,173.7580414
3473,171.2030792
3474,171.3218994
3475,171.7576294
3476,169.4403381
3477,165.2711792
3478,166.5882874
3479,168.6381989
3480,169.1135559
3481,172.2825012
3482,175.8475952
3483,174.9365234
3484,177.4914856
3485,180.056366
3486,181.1159668
3487,180.6406403
3488,184.8351135
3489,183.2485504
3490,185.866394
3491,186.4316254
3492,188.1173248
3493,188.0975189
3494,189.8427124
3495,189.0395203
3496,189.7038727
3497,188.3751373
3498,188.19664
3499,188.8015289
3500,187.7801666
3501,188.3553314
3502,189.634491
3503,187.8396606
3504,191.7961731
3505,190.7054138
3506,192.6390381
3507,194.0669556
3508,191.5581665
3509,193.0753784
3510,196.2980957
3511,196.4468231
3512,195.9113617
3513,194.2454529
3514,195.2866364
3515,193.1943512
3516,193.0455933
3517,191.9746704
3518,191.429306
3519,191.5284729
3520,191.9548492
3521,190.9136505
